nameDpt,url
(01) Notaires de l'Ain,https://www.immonot.com/annuaire-notaires/01/notaires-ain-01.html
(02) Aisne,https://www.immonot.com/annuaire-notaires/02/notaires-aisne-02.html
(03) Allier,https://www.immonot.com/annuaire-notaires/03/notaires-allier-03.html
(04) Alpes-de-Haute-Provence,https://www.immonot.com/annuaire-notaires/04/notaires-alpes-de-haute-provence-04.html
(05) Hautes-Alpes,https://www.immonot.com/annuaire-notaires/05/notaires-hautes-alpes-05.html
(06) Alpes-Maritime,https://www.immonot.com/annuaire-notaires/06/notaires-alpes-maritimes-06.html
(07) Ardèche,https://www.immonot.com/annuaire-notaires/07/notaires-ardeche-07.html
(08) Ardennes,https://www.immonot.com/annuaire-notaires/08/notaires-ardennes-08.html
(09) Ariège,https://www.immonot.com/annuaire-notaires/09/notaires-ariege-09.html
(10) Aube,https://www.immonot.com/annuaire-notaires/10/notaires-aube-10.html
(11) Aude,https://www.immonot.com/annuaire-notaires/11/notaires-aude-11.html
(12) Aveyron,https://www.immonot.com/annuaire-notaires/12/notaires-aveyron-12.html
(13) Bouches-du-Rhône,https://www.immonot.com/annuaire-notaires/13/notaires-bouches-du-rhone-13.html
(14) Calvados,https://www.immonot.com/annuaire-notaires/14/notaires-calvados-14.html
(15) Cantal,https://www.immonot.com/annuaire-notaires/15/notaires-cantal-15.html
(16) Charente,https://www.immonot.com/annuaire-notaires/16/notaires-charente-16.html
(17) Charente-Maritime,https://www.immonot.com/annuaire-notaires/17/notaires-charente-maritime-17.html
(18) Cher,https://www.immonot.com/annuaire-notaires/18/notaires-cher-18.html
(19) Corrèze,https://www.immonot.com/annuaire-notaires/19/notaires-correze-19.html
(21) Côte-d'Or,https://www.immonot.com/annuaire-notaires/21/notaires-cote-d-or-21.html
(22) Côtes-d'Armor,https://www.immonot.com/annuaire-notaires/22/notaires-cotes-d-armor-22.html
(23) Creuse,https://www.immonot.com/annuaire-notaires/23/notaires-creuse-23.html
(24) Dordogne,https://www.immonot.com/annuaire-notaires/24/notaires-dordogne-24.html
(25) Doubs,https://www.immonot.com/annuaire-notaires/25/notaires-doubs-25.html
(26) Drôme,https://www.immonot.com/annuaire-notaires/26/notaires-drome-26.html
(27) Eure,https://www.immonot.com/annuaire-notaires/27/notaires-eure-27.html
(28) Eure-et-Loir,https://www.immonot.com/annuaire-notaires/28/notaires-eure-et-loir-28.html
(29) Finistère,https://www.immonot.com/annuaire-notaires/29/notaires-finistere-29.html
(2A) Corse-du-Sud,https://www.immonot.com/annuaire-notaires/2A/notaires-corse-du-sud-2A.html
(2B) Haute-Corse,https://www.immonot.com/annuaire-notaires/2B/notaires-haute-corse-2B.html
(30) Gard,https://www.immonot.com/annuaire-notaires/30/notaires-gard-30.html
(31) Haute-Garonne,https://www.immonot.com/annuaire-notaires/31/notaires-haute-garonne-31.html
(32) Gers,https://www.immonot.com/annuaire-notaires/32/notaires-gers-32.html
(33) Gironde,https://www.immonot.com/annuaire-notaires/33/notaires-gironde-33.html
(34) Hérault,https://www.immonot.com/annuaire-notaires/34/notaires-herault-34.html
(35) Ille-et-Vilaine,https://www.immonot.com/annuaire-notaires/35/notaires-ille-et-vilaine-35.html
(36) Indre,https://www.immonot.com/annuaire-notaires/36/notaires-indre-36.html
(37) Indre-et-Loire,https://www.immonot.com/annuaire-notaires/37/notaires-indre-et-loire-37.html
(38) Isère,https://www.immonot.com/annuaire-notaires/38/notaires-isere-38.html
(39) Jura,https://www.immonot.com/annuaire-notaires/39/notaires-jura-39.html
(40) Landes,https://www.immonot.com/annuaire-notaires/40/notaires-landes-40.html
(41) Loir-et-Cher,https://www.immonot.com/annuaire-notaires/41/notaires-loir-et-cher-41.html
(42) Loire,https://www.immonot.com/annuaire-notaires/42/notaires-loire-42.html
(43) Haute-Loire,https://www.immonot.com/annuaire-notaires/43/notaires-haute-loire-43.html
(44) Loire-Atlantique,https://www.immonot.com/annuaire-notaires/44/notaires-loire-atlantique-44.html
(45) Loiret,https://www.immonot.com/annuaire-notaires/45/notaires-loiret-45.html
(46) Lot,https://www.immonot.com/annuaire-notaires/46/notaires-lot-46.html
(47) Lot-et-Garonne,https://www.immonot.com/annuaire-notaires/47/notaires-lot-et-garonne-47.html
(48) Lozère,https://www.immonot.com/annuaire-notaires/48/notaires-lozere-48.html
(49) Maine-et-Loire,https://www.immonot.com/annuaire-notaires/49/notaires-maine-et-loire-49.html
(50) Manche,https://www.immonot.com/annuaire-notaires/50/notaires-manche-50.html
(51) Marne,https://www.immonot.com/annuaire-notaires/51/notaires-marne-51.html
(52) Haute-Marne,https://www.immonot.com/annuaire-notaires/52/notaires-haute-marne-52.html
(53) Mayenne,https://www.immonot.com/annuaire-notaires/53/notaires-mayenne-53.html
(54) Meurthe-et-Moselle,https://www.immonot.com/annuaire-notaires/54/notaires-meurthe-et-moselle-54.html
(55) Meuse,https://www.immonot.com/annuaire-notaires/55/notaires-meuse-55.html
(56) Morbihan,https://www.immonot.com/annuaire-notaires/56/notaires-morbihan-56.html
(57) Moselle,https://www.immonot.com/annuaire-notaires/57/notaires-moselle-57.html
(58) Nièvre,https://www.immonot.com/annuaire-notaires/58/notaires-nievre-58.html
(59) Nord,https://www.immonot.com/annuaire-notaires/59/notaires-nord-59.html
(60) Oise,https://www.immonot.com/annuaire-notaires/60/notaires-oise-60.html
(61) Orne,https://www.immonot.com/annuaire-notaires/61/notaires-orne-61.html
(62) Pas-de-Calais,https://www.immonot.com/annuaire-notaires/62/notaires-pas-de-calais-62.html
(63) Puy-de-Dôme,https://www.immonot.com/annuaire-notaires/63/notaires-puy-de-dome-63.html
(64) Pyrénées-Atlantiques,https://www.immonot.com/annuaire-notaires/64/notaires-pyrenees-atlantiques-64.html
(65) Hautes-Pyrénées,https://www.immonot.com/annuaire-notaires/65/notaires-hautes-pyrenees-65.html
(66) Pyrénées-Orientales,https://www.immonot.com/annuaire-notaires/66/notaires-pyrenees-orientales-66.html
(67) Bas-Rhin,https://www.immonot.com/annuaire-notaires/67/notaires-bas-rhin-67.html
(68) Haut-Rhin,https://www.immonot.com/annuaire-notaires/68/notaires-haut-rhin-68.html
(69) Rhône,https://www.immonot.com/annuaire-notaires/69/notaires-rhone-69.html
(70) Haute-Saône,https://www.immonot.com/annuaire-notaires/70/notaires-haute-saone-70.html
(71) Saône-et-Loire,https://www.immonot.com/annuaire-notaires/71/notaires-saone-et-loire-71.html
(72) Sarthe,https://www.immonot.com/annuaire-notaires/72/notaires-sarthe-72.html
(73) Savoie,https://www.immonot.com/annuaire-notaires/73/notaires-savoie-73.html
(74) Haute-Savoie,https://www.immonot.com/annuaire-notaires/74/notaires-haute-savoie-74.html
(75) Paris,https://www.immonot.com/annuaire-notaires/75/notaires-paris-75.html
(76) Seine-Maritime,https://www.immonot.com/annuaire-notaires/76/notaires-seine-maritime-76.html
(77) Seine-et-Marne,https://www.immonot.com/annuaire-notaires/77/notaires-seine-et-marne-77.html
(78) Yvelines,https://www.immonot.com/annuaire-notaires/78/notaires-yvelines-78.html
(79) Deux-Sèvres,https://www.immonot.com/annuaire-notaires/79/notaires-deux-sevres-79.html
(80) Somme,https://www.immonot.com/annuaire-notaires/80/notaires-somme-80.html
(81) Tarn,https://www.immonot.com/annuaire-notaires/81/notaires-tarn-81.html
(82) Tarn-et-Garonne,https://www.immonot.com/annuaire-notaires/82/notaires-tarn-et-garonne-82.html
(83) Var,https://www.immonot.com/annuaire-notaires/83/notaires-var-83.html
(84) Vaucluse,https://www.immonot.com/annuaire-notaires/84/notaires-vaucluse-84.html
(85) Vendée,https://www.immonot.com/annuaire-notaires/85/notaires-vendee-85.html
(86) Vienne,https://www.immonot.com/annuaire-notaires/86/notaires-vienne-86.html
(87) Haute-Vienne,https://www.immonot.com/annuaire-notaires/87/notaires-haute-vienne-87.html
(88) Vosges,https://www.immonot.com/annuaire-notaires/88/notaires-vosges-88.html
(89) Yonne,https://www.immonot.com/annuaire-notaires/89/notaires-yonne-89.html
(90) Territoire de Belfort,https://www.immonot.com/annuaire-notaires/90/notaires-territoire-de-belfort-90.html
(91) Essonne,https://www.immonot.com/annuaire-notaires/91/notaires-essonne-91.html
(92) Hauts-de-Seine,https://www.immonot.com/annuaire-notaires/92/notaires-hauts-de-seine-92.html
(93) Seine-Saint-Denis,https://www.immonot.com/annuaire-notaires/93/notaires-seine-saint-denis-93.html
(94) Val-de-Marne,https://www.immonot.com/annuaire-notaires/94/notaires-val-de-marne-94.html
(95) Val-d'Oise,https://www.immonot.com/annuaire-notaires/95/notaires-val-d-oise-95.html
(971) Guadeloupe,https://www.immonot.com/annuaire-notaires/971/notaires-guadeloupe-971.html
(972) Martinique,https://www.immonot.com/annuaire-notaires/972/notaires-martinique-972.html
(973) Guyane,https://www.immonot.com/annuaire-notaires/973/notaires-guyane-973.html
(974) La Réunion,https://www.immonot.com/annuaire-notaires/974/notaires-reunion-974.html
(975) Saint-Pierre-et-Miquelon,https://www.immonot.com/annuaire-notaires/975/notaires-saint-pierre-et-miquelon-975.html
(976) Mayotte,https://www.immonot.com/annuaire-notaires/976/notaires-mayotte-976.html
(986) Wallis et Futuna,https://www.immonot.com/annuaire-notaires/986/notaires-wallis-et-futuna-986.html
(987) Polynésie Française,https://www.immonot.com/annuaire-notaires/987/notaires-polynesie-francaise-987.html
(988) Nouvelle-Calédonie,https://www.immonot.com/annuaire-notaires/988/notaires-nouvelle-caledonie-988.html
